date,time,tweet,tweetid
2016-12-05T13:53:11Z,13:53:11,I am thrilled to nominate Dr. @RealBenCarson as our next Secretary of the US Dept. of Housing and Urban Development… https://t.co/OJKuDFhP3r,805772007220645000
2016-12-05T16:00:27Z,16:00:27,"If the press would cover me accurately &amp; honorably, I would have far less reason to ""tweet."" Sadly, I don't know if that will ever happen!",805804034309427000
2016-12-05T23:06:43Z,23:06:43,"#ThankYouTour2016 

12/6- North Carolina
https://t.co/79AHq3NC0v

12/8- Iowa
https://t.co/1IuRTVwMSx

12/9- Michiga… https://t.co/vcQaIJ8qoB",805911307270713000
2016-12-06T13:52:35Z,13:52:35,"Boeing is building a brand new 747 Air Force One for future presidents, but costs are out of control, more than $4 billion. Cancel order!",806134244384899000
2016-12-06T16:45:27Z,16:45:27,"Join me tonight in Fayetteville, North Carolina at 7pm! 
#ThankYouTour2016 
Tickets: https://t.co/79AHq3NC0v https://t.co/KoZCE7JeG7",806177746397306000
2016-12-06T19:09:49Z,19:09:49,"Masa (SoftBank) of Japan has agreed to invest $50 billion in the U.S. toward businesses and 50,000 new jobs....",806214078465245000
2016-12-06T19:10:27Z,19:10:27,Masa said he would never do this had we (Trump) not won the election!,806214236053667000
2016-12-06T21:17:45Z,21:17:45,"Departing New York with General James 'Mad Dog' Mattis for tonight's rally in Fayetteville, North Carolina! See you… https://t.co/Z8sgJBWI09",806246271405162000
2016-12-07T03:33:20Z,03:33:20,"A great night in Fayetteville, North Carolina. Thank you! #ICYMI watch here: https://t.co/ZAuTgxKPpb https://t.co/EF9xRWmciA",806340792247795000
2016-12-07T12:18:56Z,12:18:56,I will be interviewed on the @TODAYshow at 7:30. Enjoy!,806473064703725000
2016-12-07T18:38:00Z,18:38:00,"We pause today to remember the 2,403 American heroes who selflessly gave their lives at Pearl Harbor 75 years ago...
https://t.co/r5eRLR24Q3",806568460620857000
2016-12-07T19:37:32Z,19:37:32,"Join me tomorrow in Des Moines, Iowa with Vice President-Elect @mike_pence - at 7:00pm!
#ThankYouTour2016 #MAGA… https://t.co/Geq6sT70IT",806583438748815000
2016-12-08T00:41:48Z,00:41:48,"Chuck Jones, who is President of United Steelworkers 1999, has done a terrible job representing workers. No wonder companies flee country!",806660011904614000
2016-12-08T01:56:40Z,01:56:40,"If United Steelworkers 1999 was any good, they would have kept those jobs in Indiana. Spend more time working-less time talking. Reduce dues",806678853305384000
2016-12-08T21:15:52Z,21:15:52,Today we lost a great pioneer of air and space in John Glenn. He was a hero and inspired generations of future explorers. He will be missed.,806970576359325000
2016-12-08T22:55:24Z,22:55:24,"On my way to Des Moines, Iowa- will see you soon with @mike_pence. Join us! Tickets: https://t.co/1IuRTVwMSx #ThankYouTour2016",806995622117122000
2016-12-08T23:12:11Z,23:12:11,"Join me tomorrow! #MAGA 
10am- Baton Rouge, LA. 
Tickets: https://t.co/rvIQ6Yq45P
7pm- Grand Rapids, MI.
Tickets: https://t.co/2UTwAg5V87",806999846674698000
2016-12-09T03:02:04Z,03:02:04,"THANK YOU IOWA!
#ThankYouTour2016 https://t.co/v6EB2OQMeO",807057700857188000
2016-12-09T19:42:30Z,19:42:30,"Join me live in Louisiana! Tomorrow, we need you to go to the polls &amp; send John Kennedy to the U.S. Senate. https://t.co/O0jtz0BKeL",807309464705630000
2016-12-09T22:13:21Z,22:13:21,Thank you Louisiana! Get out &amp; vote for John Kennedy tomorrow. Electing Kennedy will help enact our agenda on behal… https://t.co/sHXeyreEZI,807347429062443000
2016-12-10T03:30:50Z,03:30:50,"Thank you Michigan. We are going to bring back your jobs &amp; together, we will MAKE AMERICA GREAT AGAIN!
Watch:… https://t.co/EyLOo26FqW",807427326522884000
2016-12-10T11:19:24Z,11:19:24,".@RudyGiuliani, one of the finest people I know and a former GREAT Mayor of N.Y.C., just took himself out of consideration for ""State"".",807545243608420000
2016-12-10T11:27:22Z,11:27:22,I have NOTHING to do with The Apprentice except for fact that I conceived it with Mark B &amp; have a big stake in it. Will devote ZERO TIME!,807547249681166000
2016-12-10T12:38:24Z,12:38:24,"As a show of support for our Armed Forces, I will be going to The Army-Navy Game today. Looking forward to it, should be fun!",807565127021109000
2016-12-10T14:11:49Z,14:11:49,"Reports by @CNN that I will be working on The Apprentice during my Presidency, even part time, are ridiculous &amp; untrue - FAKE NEWS!",807588632877998000
2016-12-10T14:14:23Z,14:14:23,"A very interesting read. Unfortunately, so much is true.
https://t.co/ER2BoM765M",807589280071684000
2016-12-10T18:41:12Z,18:41:12,"RT @TrumpInaugural: Counting down the days until the swearing in of @realDonaldTrump &amp; @mike_pence. Check in here for the latest updates. #…",807656426374103000
2016-12-10T19:09:13Z,19:09:13,October 2015 - thanks Chris Wallace @FoxNewsSunday! https://t.co/VEsgPcWq7z,807663477322027000
2016-12-10T19:09:28Z,19:09:28,"RT @FoxNewsSunday: Sunday-- our exclusive interview with President-elect @realDonaldTrump 
Watch on @FoxNews at 2p/10p ET 
Check your local…",807663539116802000
2016-12-11T12:56:18Z,12:56:18,I will be interviewed today on Fox News Sunday with Chris Wallace at 10:00 (Eastern) Network. ENJOY!,807932020236124000
2016-12-11T13:12:06Z,13:12:06,"Being at the Army - Navy Game was fantastic. There is nothing like the spirit in that stadium. A wonderful experience, and congrats to Army!",807935995316408000
2016-12-11T13:51:47Z,13:51:47,"I spent Friday campaigning with John Kennedy, of the Great State of Louisiana, for the U.S.Senate. The election is over - JOHN WON!",807945982633709000
2016-12-11T15:29:10Z,15:29:10,"Whether I choose him or not for ""State""- Rex Tillerson, the Chairman &amp; CEO of ExxonMobil, is a world class player and dealmaker. Stay tuned!",807970490635743000
2016-12-12T00:32:28Z,00:32:28,Will be interviewed on @FoxNews at 10:00 P.M. Enjoy!,808107215492091000
2016-12-12T01:02:14Z,01:02:14,"Just watched @NBCNightlyNews - So biased, inaccurate and bad, point after point. Just can't get much worse, although @CNN is right up there!",808114703922843000
2016-12-12T13:17:54Z,13:17:54,Can you imagine if the election results were the opposite and WE tried to play the Russia/CIA card. It would be called conspiracy theory!,808299841147248000
2016-12-12T13:21:20Z,13:21:20,"Unless you catch ""hackers"" in the act, it is very hard to determine who was doing the hacking. Why wasn't this brought up before election?",808300706914594000
2016-12-12T13:26:13Z,13:26:13,The F-35 program and cost is out of control. Billions of dollars can and will be saved on military (and other) purchases after January 20th.,808301935728230000
2016-12-12T22:25:52Z,22:25:52,"#ThankYouTour2016 

Tue: West Allis, WI. 

Thur: Hershey, PA. 

Fri: Orlando, FL. 

Sat: Mobile, AL. 

Tickets:… https://t.co/OJ8S7iVzFx",808437742904418000
2016-12-12T23:40:48Z,23:40:48,The final Wisconsin vote is in and guess what - we just picked up an additional 131 votes. The Dems and Green Party can now rest. Scam!,808456602076545000
2016-12-13T00:33:05Z,00:33:05,I will be making my announcement on the next Secretary of State tomorrow morning.,808469755749339000
2016-12-13T04:26:13Z,04:26:13,"Even though I am not mandated by law to do so, I will be leaving my busineses before January 20th so that I can focus full time on the......",808528428123254000
2016-12-13T04:32:01Z,04:32:01,"Presidency. Two of my children, Don and Eric, plus executives, will manage them. No new deals will be done during my term(s) in office.",808529888630239000
2016-12-13T04:41:33Z,04:41:33,"I will hold a press conference in the near future to discuss the business, Cabinet picks and all other topics of interest. Busy times!",808532286664822000
2016-12-13T11:43:38Z,11:43:38,"I have chosen one of the truly great business leaders of the world, Rex Tillerson, Chairman and CEO of ExxonMobil, to be Secretary of State.",808638507161882000
2016-12-13T11:57:35Z,11:57:35,Wisconsin and Pennsylvania have just certified my wins in those states. I actually picked up additional votes!,808642018612310000
2016-12-13T12:44:06Z,12:44:06,The thing I like best about Rex Tillerson is that he has vast experience at dealing successfully with all types of foreign governments.,808653723639697000
2016-12-13T21:33:53Z,21:33:53,"Join me this Saturday at Ladd–Peebles Stadium in Mobile, Alabama! 
#ThankYouTour2016 

Tickets:… https://t.co/1RFmKCMgyw",808787048144453000
2016-12-14T00:52:40Z,00:52:40,"RT @DanScavino: Join #PEOTUS Trump &amp; #VPEOTUS Pence live in West Allis, Wisconsin! 
#ThankYouTour2016 #MAGA
https://t.co/vU5EPIYKUc https:/…",808837073423794000
2016-12-14T03:48:55Z,03:48:55,"Thank you Wisconsin! My Administration will be focused on three very important words: jobs, jobs, jobs! Watch:… https://t.co/iEGWZLuiFE",808881429715316000
2016-12-14T18:07:55Z,18:07:55,.@BillGates and @JimBrownNFL32 in my Trump Tower office yesterday- two great guys! https://t.co/4PjSOEU5y9,809097603010981000
2016-12-15T13:05:55Z,13:05:55,"Has anyone looked at the really poor numbers of @VanityFair Magazine. Way down, big trouble, dead! Graydon Carter, no talent, will be out!",809383989018497000
2016-12-15T13:09:14Z,13:09:14,"Thank you to Time Magazine and Financial Times for naming me ""Person of the Year"" - a great honor!",809384826193276000
2016-12-15T13:28:54Z,13:28:54,"The media tries so hard to make my move to the White House, as it pertains to my business, so complex - when actually it isn't!",809389774066814000
2016-12-15T14:24:29Z,14:24:29,"If Russia, or some other entity, was hacking, why did the White House wait so long to act? Why did they only complain after Hillary lost?",809403760099422000
2016-12-15T22:27:16Z,22:27:16,"Join me in Mobile, Alabama on Sat. at 3pm! #ThankYouTour2016 
Tickets: https://t.co/GGgbjl8Zo6 https://t.co/opKrWO4k0C",809525257371578000
2016-12-16T01:32:56Z,01:32:56,"Thank you Pennsylvania! Together, we are going to MAKE AMERICA GREAT AGAIN! Watch here: https://t.co/7R382qWfWS… https://t.co/yB6u5FEfHq",809571983428120000
2016-12-16T11:09:19Z,11:09:19,Are we talking about the same cyberattack where it was revealed that head of the DNC illegally gave Hillary the questions to the debate?,809717035353722000
2016-12-16T16:03:09Z,16:03:09,"Well, we all did it, together! I hope the ""MOVEMENT"" fans will go to D.C. on Jan 20th for the swearing in. Let's set the all time record!",809790978332786000
2016-12-16T16:54:28Z,16:54:28,"#ThankYouTour2016 

Tonight- Orlando, Florida 
Tickets: https://t.co/JwQeccp79N

Tomorrow- Mobile, Alabama
Tickets:… https://t.co/Cq5AwcuzT9",809803893920165000
2016-12-17T03:52:01Z,03:52:01,"Thank you Florida. My Administration will follow two simple rules: BUY AMERICAN and HIRE AMERICAN! #ICYMI- Watch:… https://t.co/3vgtzSJsFu",809969373754654000
2016-12-17T13:05:02Z,13:05:02,"Last night in Orlando, Florida, was incredible - massive crowd - THANK YOU FLORIDA! Today at 3:00 P.M. I will be in Alabama for last rally!",810108542921408000
2016-12-17T13:07:22Z,13:07:22,"""@EazyMF_E: @realDonaldTrump Many people are now saying you will be an extremely successful president! #MakeAmericaGreatAgain""  Thank you!",810109131537481000
2016-12-17T13:20:23Z,13:20:23,"Mobile, Alabama today at 3:00 P.M. Last rally of the year - ""THANK YOU ALABAMA AND THE SOUTH"" Biggest of all crowds expected, see you there!",810112407309844000
2016-12-17T13:57:20Z,13:57:20,China steals United States Navy research drone in international waters - rips it out of water and takes it to China in unprecedented act.,810121703288410000
2016-12-17T21:17:39Z,21:17:39,"RT @DanScavino: Join President-elect Trump LIVE from Mobile, Alabama via his #Facebook page! #ThankYouTour2016 
Watch: https://t.co/btzN080…",810232514749075000
2016-12-18T00:12:05Z,00:12:05,"Thank you Alabama! From now on, it’s going to be #AmericaFirst. Our goal is to bring back that wonderful phrase:… https://t.co/4UAazd7TmF",810276411177107000
2016-12-18T00:59:25Z,00:59:25,We should tell China that we don't want the drone they stole back.- let them keep it!,810288321880555000
2016-12-18T21:54:40Z,21:54:40,"If my many supporters acted and threatened people like those who lost the election are doing, they would be scorned &amp; called terrible names!",810604216771284000
2016-12-19T23:21:11Z,23:21:11,"Today there were terror attacks in Turkey, Switzerland and Germany - and it is only getting worse. The civilized world must change thinking!",810988379051610000
2016-12-19T23:51:41Z,23:51:41,"We did it! Thank you to all of my great supporters, we just officially won the election (despite all of the distorted and inaccurate media).",810996052241293000
2016-12-20T02:46:01Z,02:46:01,"""@Franklin_Graham: Congratulations to President-elect @realDonaldTrump--the electoral votes are in and it's official."" Thank you Franklin!",811039925571354000
2016-12-20T02:50:25Z,02:50:25,"""@mike_pence: Congratulations to @RealDonaldTrump; officially elected President of the United States today by the Electoral College!""",811041034323054000
2016-12-20T13:03:59Z,13:03:59,"Bill Clinton stated that I called him after the election. Wrong, he called me (with a very nice congratulations). He ""doesn't know much"" ...",811195441710764000
2016-12-20T13:09:18Z,13:09:18,"especially how to get people, even with an unlimited budget, out to vote in the vital swing states ( and more). They focused on wrong states",811196778779463000
2016-12-20T20:27:57Z,20:27:57,"Yes, it is true - Carlos Slim, the great businessman from Mexico, called me about getting together for a meeting. We met, HE IS A GREAT GUY!",811307169043849000
2016-12-21T13:15:14Z,13:15:14,Campaigning to win the Electoral College is much more difficult &amp; sophisticated than the popular vote. Hillary focused on the wrong states!,811560662853939000
2016-12-21T13:24:29Z,13:24:29,"I would have done even better in the election, if that is possible, if the winner was based on popular vote - but would campaign differently",811562990285848000
2016-12-21T13:29:38Z,13:29:38,I have not heard any of the pundits or commentators discussing the fact that I spent FAR LESS MONEY on the win than Hillary on the loss!,811564284706689000
2016-12-22T03:39:33Z,03:39:33,"I met some really great Air Force GENERALS and Navy ADMIRALS today, talking about airplane capability and pricing. Very impressive people!",811778176120668000
2016-12-22T13:37:04Z,13:37:04,The resolution being considered at the United Nations Security Council regarding Israel should be vetoed....cont: https://t.co/s8rXKKZNF1,811928543366148000
2016-12-22T16:41:52Z,16:41:52,"Someone incorrectly stated that the phrase ""DRAIN THE SWAMP"" was no longer being used by me. Actually, we will always be trying to DTS.",811975049431416000
2016-12-22T16:50:30Z,16:50:30,The United States must greatly strengthen and expand its nuclear capability until such time as the world comes to its senses regarding nukes,811977223326625000
2016-12-22T22:26:05Z,22:26:05,"Based on the tremendous cost and cost overruns of the Lockheed Martin F-35, I have asked Boeing to price-out a comparable F-18 Super Hornet!",812061677160202000
2016-12-23T01:59:58Z,01:59:58,"The so-called ""A"" list celebrities are all wanting tixs to the inauguration, but look what they did for Hillary, NOTHING. I want the PEOPLE!",812115501791006000
2016-12-23T11:53:05Z,11:53:05,"My wonderful son, Eric, will no longer be allowed to raise money for children with cancer because of a possible conflict of interest with...",812264762981675000
2016-12-23T11:58:36Z,11:58:36,"my presidency. Isn't this a ridiculous shame? He loves these kids, has raised millions of dollars for them, and now must stop. Wrong answer!",812266152684650000
2016-12-23T20:14:34Z,20:14:34,"As to the U.N., things will be different after Jan. 20th.",812390964740427000
2016-12-23T21:17:42Z,21:17:42,"The terrorist who killed so many people in Germany said just before crime, ""by God's will we will slaughter you pigs, I swear, we will......",812406855469252000
2016-12-23T21:23:00Z,21:23:00,"slaughter you. This is a purely religious threat, which turned into reality. Such hatred! When will the U.S., and all countries, fight back?",812408189492797000
2016-12-24T00:13:02Z,00:13:02,"Vladimir Putin said today about Hillary and Dems: ""In my opinion, it is humiliating. One must be able to lose with dignity.""  So true!",812450976670121000
2016-12-24T20:59:30Z,20:59:30,".@NBCNews purposely left out this part of my nuclear qoute: ""until such time as the world comes to its senses regarding nukes.""  Dishonest!",812764662500622000
2016-12-24T21:33:27Z,21:33:27,"The big loss yesterday for Israel in the United Nations will make it much harder to negotiate peace.Too bad, but we will get it done anyway!",812773204561379000
2016-12-24T21:44:32Z,21:44:32,"Happy #Hanukkah https://t.co/UvZwtykV1E",812775995837218000
2016-12-25T12:46:41Z,12:46:41,"#MerryChristmas https://t.co/5GgDmJrGMS",813003030186622000
2016-12-25T17:48:48Z,17:48:48,"Merry Christmas and a very, very, very , very Happy New Year to everyone!",813079058896535000
2016-12-26T21:36:28Z,21:36:28,"President Obama said that he thinks he would have won against me. He should say that but I say NO WAY! - jobs leaving, ISIS, OCare, etc.",813498739923054000
2016-12-26T21:41:58Z,21:41:58,"The United Nations has such great potential but right now it is just a club for people to get together, talk and have a good time. So sad!",813500123053490000
2016-12-26T23:32:28Z,23:32:28,The world was gloomy before I won - there was no hope. Now the market is up nearly 10% and Christmas spending is over a trillion dollars!,813527932165558000
2016-12-27T02:53:20Z,02:53:20,"I gave millions of dollars to DJT Foundation, raised or recieved millions more, ALL of which is given to charity, and media won't report!",813578484572450000
2016-12-27T03:06:59Z,03:06:59,"The DJT Foundation, unlike most foundations, never paid fees, rent, salaries or any expenses. 100% of money goes to wonderful charities!",813581917215977000
2016-12-27T21:52:29Z,21:52:29,"President Obama campaigned hard (and personally) in the very important swing states, and lost.The voters wanted to MAKE AMERICA GREAT AGAIN!",813865160163098000
2016-12-28T03:10:07Z,03:10:07,"The U.S. Consumer Confidence Index for December surged nearly four points to 113.7, THE HIGHEST LEVEL IN MORE THAN 15 YEARS! Thanks Donald!",813945096269860000
2016-12-28T14:07:13Z,14:07:13,Doing my best to disregard the many inflammatory President O statements and roadblocks.Thought it was going to be a smooth transition - NOT!,814110460761018000
2016-12-28T14:19:46Z,14:19:46,"We cannot continue to let Israel be treated with such total disdain and disrespect. They used to have a great friend in the U.S., but.......",814113616110751000
2016-12-28T14:25:11Z,14:25:11,"not anymore. The beginning of the end was the horrible Iran deal, and now this (U.N.)! Stay strong Israel, January 20th is fast approaching!",814114980983427000
2016-12-28T22:06:28Z,22:06:28,'Economists say Trump delivered hope' https://t.co/SjGBgglIuQ,814231064847728000
2016-12-29T14:54:21Z,14:54:21,My Administration will follow two simple rules: https://t.co/ZWk0j4H8Qy,814484710025994000
2016-12-30T19:41:33Z,19:41:33,Great move on delay (by V. Putin) - I always knew he was very smart!,814919370711461000
2016-12-30T19:46:55Z,19:46:55,"Join @AmerIcan32, founded by Hall of Fame legend @JimBrownNFL32 on 1/19/2017 in Washington, D.C.… https://t.co/9WJZ8iTCQV",814920722208296000
2016-12-30T22:18:18Z,22:18:18,"Russians are playing @CNN and @NBCNews for such fools - funny to watch, they don't have a clue! @FoxNews totally gets it!",814958820980039000
2016-12-31T13:17:21Z,13:17:21,"Happy New Year to all, including to my many enemies and those who have fought me and lost so badly they just don't know what to do. Love!",815185071317676000
2016-12-31T18:58:12Z,18:58:12,"Happy Birthday @DonaldJTrumpJr!
https://t.co/uRxyCD3hBz",815270850916208000
2016-12-31T18:59:04Z,18:59:04,"RT @realDonaldTrump: Happy Birthday @DonaldJTrumpJr!
https://t.co/uRxyCD3hBz",815271067749060000
2017-01-01T05:00:10Z,05:00:10,"TO ALL AMERICANS-
#HappyNewYear &amp; many blessings to you all! Looking forward to a wonderful &amp; prosperous 2017 as we… https://t.co/1asdMAL4iy",815422340540547000
2017-01-01T05:43:23Z,05:43:23,RT @Reince: Happy New Year + God's blessings to you all.  Looking forward to incredible things in 2017!  @realDonaldTrump will Make America…,815433217595547000
2017-01-01T06:49:33Z,06:49:33,"RT @DonaldJTrumpJr: Happy new year everyone. #newyear #family #vacation #familytime https://t.co/u9fJIKNoZq",815449868739211000
2017-01-01T06:49:49Z,06:49:49,"RT @IvankaTrump: 2016 has been one of the most eventful and exciting years of my life. I wish you peace, joy, love and laughter. Happy New…",815449933453127000
2017-01-02T14:40:10Z,14:40:10,"Well, the New Year begins. We will, together, MAKE AMERICA GREAT AGAIN!",815930688889352000
2017-01-02T17:31:17Z,17:31:17,"Chicago murder rate is record setting - 4,331 shooting victims with 762 murders in 2016. If Mayor can't do it he must ask for Federal help!",815973752785793000
2017-01-02T18:32:29Z,18:32:29,"@CNN just released a book called ""Unprecedented"" which explores the 2016 race &amp; victory. Hope it does well but used worst cover photo of me!",815989154555297000
2017-01-02T18:37:10Z,18:37:10,"Various media outlets and pundits say that I thought I was going to lose the election. Wrong, it all came together in the last week and.....",815990335318982000
2017-01-02T18:44:04Z,18:44:04,"I thought and felt I would win big, easily over the fabled 270 (306). When they cancelled fireworks, they knew, and so did I.",815992069412057000
2017-01-02T23:05:44Z,23:05:44,North Korea just stated that it is in the final stages of developing a nuclear weapon capable of reaching parts of the U.S. It won't happen!,816057920223846000
2017-01-02T23:47:12Z,23:47:12,"China has been taking out massive amounts of money &amp; wealth from the U.S. in totally one-sided trade, but won't help with North Korea. Nice!",816068355555815000
2017-01-03T12:30:05Z,12:30:05,General Motors is sending Mexican made model of Chevy Cruze to U.S. car dealers-tax free across border. Make in U.S.A.or pay big border tax!,816260343391514000
2017-01-03T12:46:33Z,12:46:33,"People must remember that ObamaCare just doesn't work, and it is not affordable - 116% increases (Arizona). Bill Clinton called it ""CRAZY""",816264484629184000
2017-01-03T12:51:15Z,12:51:15,"The Democrat Governor.of Minnesota said ""The Affordable Care Act (ObamaCare) is no longer affordable!"" - And, it is lousy healthcare.",816265668958031000
2017-01-03T15:03:29Z,15:03:29,"With all that Congress has to work on, do they really have to make the weakening of the Independent Ethics Watchdog, as unfair as it",816298944456232000
2017-01-03T15:07:41Z,15:07:41,"........may be, their number one act and priority. Focus on tax reform, healthcare and so many other things of far greater importance! #DTS",816300003442495000
2017-01-03T16:44:13Z,16:44:13,"""@DanScavino: Ford to scrap Mexico plant, invest in Michigan due to Trump policies""
https://t.co/137nUo03Gl",816324295781740000
2017-01-03T17:00:11Z,17:00:11,"Instead of driving jobs and wealth away, AMERICA will become the world's great magnet for INNOVATION &amp; JOB CREATION.
https://t.co/siXrptsOrt",816328314759606000
2017-01-03T17:20:43Z,17:20:43,There should be no further releases from Gitmo. These are extremely dangerous people and should not be allowed back onto the battlefield.,816333480409833000
2017-01-03T18:44:47Z,18:44:47,"""Trump is already delivering the jobs he promised America"" https://t.co/11spTMa6Tm",816354639859871000
2017-01-03T23:58:31Z,23:58:31,I will be having a general news conference on JANUARY ELEVENTH in N.Y.C. Thank you.,816433590892429000
2017-01-04T01:14:52Z,01:14:52,"The ""Intelligence"" briefing on so-called ""Russian hacking"" was delayed until Friday, perhaps more time needed to build a case. Very strange!",816452807024840000
2017-01-04T12:22:38Z,12:22:38,"Julian Assange said ""a 14 year old could have hacked Podesta"" - why was DNC so careless? Also said Russians did not give him the info!",816620855958601000
2017-01-04T13:10:05Z,13:10:05,"""@FoxNews: Julian Assange on U.S. media coverage: “It’s very dishonest.” #Hannity https://t.co/ADcPRQifH9"" More dishonest than anyone knows",816632793862176000
2017-01-04T13:19:09Z,13:19:09,Thank you to Ford for scrapping a new plant in Mexico and creating 700 new jobs in the U.S. This is just the beginning - much more to follow,816635078067490000
2017-01-04T13:27:03Z,13:27:03,"Somebody hacked the DNC but why did they not have ""hacking defense"" like the RNC has and why have they not responded to the terrible......",816637064708030000
2017-01-04T13:31:32Z,13:31:32,"things they did and said (like giving the questions to the debate to H). A total double standard! Media, as usual, gave them a pass.",816638194468999000
2017-01-04T13:55:53Z,13:55:53,"Republicans must be careful in that the Dems own the failed ObamaCare disaster, with its poor coverage and massive premium increases......",816644321768312000
2017-01-04T14:01:53Z,14:01:53,"like the 116% hike in Arizona. Also, deductibles are so high that it is practically useless. Don't let the Schumer clowns out of this web...",816645831659061000
2017-01-04T14:26:45Z,14:26:45,massive increases of ObamaCare will take place this year and Dems are to blame for the mess. It will fall of its own weight - be careful!,816652088662958000
2017-01-04T18:52:09Z,18:52:09,"Jackie Evancho's album sales have skyrocketed after announcing her Inauguration performance.Some people just don't understand the ""Movement""",816718880731234000
2017-01-05T11:57:57Z,11:57:57,"The Democrats, lead by head clown Chuck Schumer, know how bad ObamaCare is and what a mess they are in. Instead of working to fix it, they..",816977032433270000
2017-01-05T12:01:33Z,12:01:33,"...do the typical political thing and BLAME. The fact is ObamaCare was a lie from the beginning.""Keep you doctor, keep your plan!"" It is....",816977937731878000
2017-01-05T12:06:42Z,12:06:42,...time for Republicans &amp; Democrats to get together and come up with a healthcare plan that really works - much less expensive &amp; FAR BETTER!,816979231217483000
2017-01-05T13:25:30Z,13:25:30,"The dishonest media likes saying that I am in Agreement with Julian Assange - wrong. I simply state what he states, it is for the people....",816999062562107000
2017-01-05T13:45:57Z,13:45:57,"to make up their own minds as to the truth. The media lies to make it look like I am against ""Intelligence"" when in fact I am a big fan!",817004210529116000
2017-01-05T18:14:30Z,18:14:30,"Toyota Motor said will build a new plant in Baja, Mexico, to build Corolla cars for U.S. NO WAY! Build plant in U.S. or pay big border tax.",817071792711942000
2017-01-06T00:24:34Z,00:24:34,"How did NBC get ""an exclusive look into the top secret report he (Obama) was presented?"" Who gave them this report and why? Politics!",817164923843280000
2017-01-06T00:30:15Z,00:30:15,The Democratic National Committee would not allow the FBI to study or see its computer info after it was supposedly hacked by Russia......,817166353266262000
2017-01-06T00:40:03Z,00:40:03,So how and why are they so sure about hacking if they never even requested an examination of the computer servers? What is going on?,817168818539757000
2017-01-06T11:19:49Z,11:19:49,"The dishonest media does not report that any money spent on building the Great Wall (for sake of speed), will be paid back by Mexico later!",817329823374831000
2017-01-06T11:39:35Z,11:39:35,Hillary and the Dems were never going to beat the PASSION of my voters. They saw what was happening in the last two weeks before the......,817334794958807000
2017-01-06T11:45:47Z,11:45:47,and knew they were in big trouble - which is why they cancelled their big fireworks at the last minute.THEY SAW A MOVEMENT LIKE NEVER BEFORE,817336355193753000
2017-01-06T12:05:01Z,12:05:01,"Hopefully, all supporters, and those who want to MAKE AMERICA GREAT AGAIN, will go to D.C. on January 20th. It will be a GREAT SHOW!",817341196251070000
2017-01-06T12:34:37Z,12:34:37,"Wow, the ratings are in and Arnold Schwarzenegger got ""swamped"" (or destroyed) by comparison to the ratings machine, DJT. So much for....",817348644647108000
2017-01-06T12:42:53Z,12:42:53,"being a movie star-and that was season 1 compared to season 14. Now compare him to my season 1. But who cares, he supported Kasich &amp; Hillary",817350726800306000
2017-01-06T14:18:51Z,14:18:51,"Anna Wintour came to my office at Trump Tower to ask me to meet with the editors of Conde Nast &amp; Steven Newhouse, a friend. Will go this AM.",817374875962769000
2017-01-06T16:51:37Z,16:51:37,I am asking the chairs of the House and Senate committees to investigate top secret intelligence shared with NBC prior to me seeing it.,817413321058029000
2017-01-06T19:30:09Z,19:30:09,Monitoring the terrible situation in Florida. Just spoke to Governor Scott. Thoughts and prayers for all. Stay safe!,817453219613917000
2017-01-07T00:07:09Z,00:07:09,"Happy Birthday @EricTrump!
https://t.co/bJaEY7qFSn",817522928862502000
2017-01-07T03:53:38Z,03:53:38,Gross negligence by the Democratic National Committee allowed hacking to take place.The Republican National Committee had strong defense!,817579925771341000
2017-01-07T11:56:29Z,11:56:29,Intelligence stated very strongly there was absolutely no evidence that hacking affected the election results. Voting machines not touched!,817701436096126000
2017-01-07T12:03:31Z,12:03:31,Only reason the hacking of the poorly defended DNC is discussed is that the loss by the Dems was so big that they are totally embarrassed!,817703208567078000
2017-01-07T15:02:20Z,15:02:20,"Having a good relationship with Russia is a good thing, not a bad thing. Only ""stupid"" people, or fools, would think that it is bad! We.....",817748207694467000
2017-01-07T15:10:46Z,15:10:46,"have enough problems around the world without yet another one. When I am President, Russia will respect us far more than they do now and....",817750330196819000
2017-01-07T15:21:42Z,15:21:42,"both countries will, perhaps, work together to solve some of the many great and pressing problems and issues of the WORLD!",817753083707015000
2017-01-07T23:54:05Z,23:54:05,Congratulation to Jane Timken on her major upset victory in becoming the Ohio Republican Party Chair. Jane is a loyal Trump supporter &amp; star,817882028272128000
2017-01-08T02:07:09Z,02:07:09,"I look very much forward to meeting Prime Minister Theresa May in Washington in the Spring. Britain, a longtime U.S. ally, is very special!",817915516018892000
2017-01-08T16:36:46Z,16:36:46,"""@KellyannePolls: Welcome to President and Mrs. Bush.  
https://t.co/I1K4nj1gVu"" Very nice!",818134360712953000
2017-01-08T16:39:14Z,16:39:14,"""@FoxNews: ""We certainly don’t want intelligence interfering with politics and we don’t want politics interfe… https://t.co/bwDjEg1d7S""",818134981344165000
2017-01-08T16:46:07Z,16:46:07,Kellyanne Conway went to @MeetThePress this morning for an interview with @chucktodd. Dishonest media cut out 9 of her 10 minutes. Terrible!,818136714396975000
2017-01-08T16:57:46Z,16:57:46,"RT @MeetThePress: Watch our interview with @KellyannePolls: Russia ""did not succeed"" in attempts to sway election https://t.co/EZhgUIUbYx #…",818139647687753000
2017-01-08T18:56:20Z,18:56:20,"Before I, or anyone, saw the classified and/or highly confidential hacking intelligence report, it was leaked out to @NBCNews. So serious!",818169485169410000
2017-01-09T04:05:31Z,04:05:31,Dishonest media says Mexico won't be paying for the wall if they pay a little later so the wall can be built more quickly. Media is fake!,818307689323368000
2017-01-09T11:17:40Z,11:17:40,Rupert Murdoch is a great guy who likes me much better as a very successful candidate than he ever did as a very successful developer!,818416446527172000
2017-01-09T11:27:50Z,11:27:50,"Meryl Streep, one of the most over-rated actresses in Hollywood, doesn't know me but attacked last night at the Golden Globes. She is a.....",818419002548568000
2017-01-09T11:36:02Z,11:36:02,"Hillary flunky who lost big. For the 100th time, I never ""mocked"" a disabled reporter (would never do that) but simply showed him.......",818421066859167000
2017-01-09T11:43:26Z,11:43:26,"""groveling"" when he totally changed a 16 year old story that he had written in order to make me look bad. Just more very dishonest media!",818422930157830000
2017-01-09T14:14:10Z,14:14:10,"It's finally happening - Fiat Chrysler just announced plans to invest $1BILLION in Michigan and Ohio plants, adding 2000 jobs. This after...",818460862675558000
2017-01-09T14:16:34Z,14:16:34,Ford said last week that it will expand in Michigan and U.S. instead of building a BILLION dollar plant in Mexico. Thank you Ford &amp; Fiat C!,818461467766824000
2017-01-09T22:32:33Z,22:32:33,An old picture with Nancy and Ronald Reagan. https://t.co/8kvQ1PzPAf,818586286034485000
2017-01-10T02:20:01Z,02:20:01,"Thank you to all of the men and women who protect &amp; serve our communities 24/7/365! 
#LawEnforcementAppreciationDay… https://t.co/aqUbDipSgv",818643528905621000
2017-01-10T15:26:22Z,15:26:22,"'U.S. Small-Business Optimism Index Surges by Most Since 1980'
https://t.co/X22x1BttdG",818841421364989000
2017-01-10T20:50:31Z,20:50:31,'Small business optimism soars after Trump election' https://t.co/WjBaTp824U,818922995980845000
2017-01-10T22:30:53Z,22:30:53,"'Trump Helps Lift Small Business Confidence to 12-Yr. High'
https://t.co/MhbABREhzt https://t.co/CWAvJ4fRdx",818948254943604000
2017-01-11T01:19:23Z,01:19:23,FAKE NEWS - A TOTAL POLITICAL WITCH HUNT!,818990655418617000
2017-01-11T01:35:41Z,01:35:41,"RT @MichaelCohen212: I have never been to Prague in my life. #fakenews https://t.co/CMil9Rha3D",818994757569564000
2017-01-11T02:00:11Z,02:00:11,"'BuzzFeed Runs Unverifiable Trump-Russia Claims' #FakeNews 
https://t.co/d6daCFZHNh",819000924207251000
2017-01-11T12:13:40Z,12:13:40,"Russia just said the unverified report paid for by political opponents is ""A COMPLETE AND TOTAL FABRICATION, UTTER NONSENSE."" Very unfair!",819155311793700000
2017-01-11T12:31:31Z,12:31:31,"Russia has never tried to use leverage over me. I HAVE NOTHING TO DO WITH RUSSIA - NO DEALS, NO LOANS, NO NOTHING!",819159806489591000
2017-01-11T12:44:05Z,12:44:05,"I win an election easily, a great ""movement"" is verified, and crooked opponents try to belittle our victory with FAKE NEWS. A sorry state!",819162968592183000
2017-01-11T12:48:52Z,12:48:52,"Intelligence agencies should never have allowed this fake news to ""leak"" into the public. One last shot at me.Are we living in Nazi Germany?",819164172781060000
2017-01-12T04:01:38Z,04:01:38,We had a great News Conference at Trump Tower today. A couple of FAKE NEWS organizations were there but the people truly get what's going on,819393877174087000
2017-01-12T12:23:45Z,12:23:45,"James Clapper called me yesterday to denounce the false and fictitious report that was illegally circulated. Made up, phony facts.Too bad!",819520238446411000
2017-01-12T13:50:13Z,13:50:13,Thank you to Linda Bean of L.L.Bean for your great support and courage. People will support you even more now. Buy L.L.Bean. @LBPerfectMaine,819541997325316000
2017-01-12T14:22:21Z,14:22:21,.@CNN is in a total meltdown with their FAKE NEWS because their ratings are tanking since election and their credibility will soon be gone!,819550083742109000
2017-01-12T17:41:11Z,17:41:11,"Congrats to the Senate for taking the first step to #RepealObamacare- now it's onto the House!",819600124133474000
2017-01-13T10:49:34Z,10:49:34,"All of my Cabinet nominee are looking good and doing a great job. I want them to be themselves and express their own thoughts, not mine!",819858926455967000
2017-01-13T11:05:55Z,11:05:55,It now turns out that the phony allegations against me were put together by my political opponents and a failed spy afraid of being sued....,819863039902097000
2017-01-13T11:11:13Z,11:11:13,"Totally made up facts by sleazebag political operatives, both Democrats and Republicans - FAKE NEWS! Russia says nothing exists. Probably...",819864373988573000
2017-01-13T11:16:54Z,11:16:54,"released by ""Intelligence"" even knowing there is no proof, and never will be. My people will have a full report on hacking within 90 days!",819865802849587000
2017-01-13T11:22:38Z,11:22:38,What are Hillary Clinton's people complaining about with respect to the F.B.I. Based on the information they had she should never.....,819867246352801000
2017-01-13T11:25:54Z,11:25:54,have been allowed to run - guilty as hell. They were VERY nice to her. She lost because she campaigned in the wrong states - no enthusiasm!,819868066364461000
2017-01-13T11:33:24Z,11:33:24,"The ""Unaffordable"" Care Act will soon be history!",819869953692155000
2017-01-13T17:42:42Z,17:42:42,"A beautiful funeral today for a real NYC hero, Detective Steven McDonald. Our law enforcement community has my complete and total support.",819962894616064000
2017-01-14T12:50:26Z,12:50:26,"Congressman John Lewis should spend more time on fixing and helping his district, which is in horrible shape and falling apart (not to......",820251730407473000
2017-01-14T13:07:12Z,13:07:12,"mention crime infested) rather than falsely complaining about the election results. All talk, talk, talk - no action or results. Sad!",820255947956383000
2017-01-14T13:14:13Z,13:14:13,"INTELLIGENCE INSIDERS NOW CLAIM THE TRUMP DOSSIER IS ""A COMPLETE FRAUD!""  @OANN",820257714362314000
2017-01-15T00:22:01Z,00:22:01,Congressman John Lewis should finally focus on the burning and crime infested inner-cities of the U.S. I can use all the help I can get!,820425770925338000
2017-01-15T01:58:57Z,01:58:57,"Inauguration Day is turning out to be even bigger than expected. January 20th, Washington D.C. Have fun!",820450166331346000
2017-01-15T13:59:29Z,13:59:29,"The Democrats are most angry that so many Obama Democrats voted for me. With all of the jobs I am bringing back to our Nation, that number..",820631495660408000
2017-01-15T14:02:41Z,14:02:41,"will only get higher. Car companies and others, if they want to do business in our country, have to start making things here again. WIN!",820632299037409000
2017-01-15T19:00:21Z,19:00:21,"For many years our country has been divided, angry and untrusting. Many say it will never change, the hatred is too deep. IT WILL CHANGE!!!!",820707210565132000
2017-01-15T20:04:38Z,20:04:38,"Thank you to Bob Woodward who said, ""That is a garbage document...it never should have been presented...Trump's right to be upset (angry)...",820723387995717000
2017-01-15T20:13:00Z,20:13:00,"about that...Those Intelligence chiefs made a mistake here, &amp; when people make mistakes, they should APOLOGIZE."" Media should also apologize",820725491812487000
2017-01-15T22:46:33Z,22:46:33,".@NBCNews is bad but Saturday Night Live is the worst of NBC. Not funny, cast is terrible, always a complete hit job. Really bad television!",820764134857969000
2017-01-16T00:16:20Z,00:16:20,".@FoxNews ""Outgoing CIA Chief, John Brennan, blasts Pres-Elect Trump on Russia threat. Does not fully understand."" Oh really, couldn't do...",820786730257285000
2017-01-16T00:29:05Z,00:29:05,"much worse - just look at Syria (red line), Crimea, Ukraine and the build-up of Russian nukes. Not good! Was this the leaker of Fake News?",820789938887294000
2017-01-16T13:54:52Z,13:54:52,Celebrate Martin Luther King Day and all of the many wonderful things that he stood for. Honor him for being the great man that he was!,820992721120854000
2017-01-17T01:42:18Z,01:42:18,"""@levisteveholt: @realDonaldTrump I appreciate your use of Twitter to keep us informed and maintain transparency."" Very dishonest media!",821170750983995000
2017-01-17T01:49:38Z,01:49:38,"At 9:00 P.M. @CNN, of all places, is doing a Special Report on my daughter, Ivanka. Considering it is CNN, can't imagine it will be great!",821172595869577000
2017-01-17T02:08:21Z,02:08:21,"""@drgoodspine: @realDonaldTrump @Ivanka Trump is great, a woman with real character and class.""",821177307708661000
2017-01-17T13:05:10Z,13:05:10,"People are pouring into Washington in record numbers. Bikers for Trump are on their way. It will be a great Thursday, Friday and Saturday!",821342600322043000
2017-01-17T13:11:56Z,13:11:56,"The same people who did the phony election polls, and were so wrong, are now doing approval rating polls. They are rigged just like before.",821344302651555000
2017-01-17T14:30:19Z,14:30:19,"With all of the jobs I am bringing back into the U.S. (even before taking office), with all of the new auto plants coming back into our.....",821364027506966000
2017-01-17T14:36:26Z,14:36:26,"country and with the massive cost reductions I have negotiated on military purchases and more, I believe the people are seeing ""big stuff.""",821365569366671000
2017-01-17T14:46:27Z,14:46:27,"John Lewis said about my inauguration, ""It will be the first one that I've missed."" WRONG (or lie)! He boycotted Bush 43 also because he...",821368088935432000
2017-01-17T14:52:39Z,14:52:39,"""thought it would be hypocritical to attend Bush's swearing-in....he doesn't believe Bush is the true elected president."" Sound familiar! WP",821369651968012000
2017-01-17T17:36:45Z,17:36:45,"""How Trump Won--And How The Media Missed It"" https://t.co/Hfab41h65X",821410947864653000
2017-01-17T17:55:38Z,17:55:38,Thank you to General Motors and Walmart for starting the big jobs push back into the U.S.!,821415698278875000
2017-01-17T19:36:21Z,19:36:21,"RT @MoskowitzEva: .@BetsyDeVos has the talent, commitment, and leadership capacity to revitalize our public schools and deliver the promise…",821441044097224000
2017-01-17T19:58:10Z,19:58:10,"RT @EricTrump: Thank you to @GolfDigest for this incredible feature! ""Golfer-in-Chief"" @RealDonaldTrump https://t.co/vpdY4jNbI4 https://t.c…",821446536278274000
2017-01-18T11:53:24Z,11:53:24,Will be interviewed by @ainsleyearhardt on @foxandfriends - Enjoy!,821686928680583000
2017-01-18T12:34:09Z,12:34:09,"Totally biased @NBCNews went out of its way to say that the big announcement from Ford, G.M., Lockheed &amp; others that jobs are coming back...",821697182235496000
2017-01-18T12:44:03Z,12:44:03,"to the U.S., but had nothing to do with TRUMP, is more FAKE NEWS. Ask top CEO's of those companies for real facts. Came back because of me!",821699672687448000
2017-01-18T13:00:51Z,13:00:51,"""Bayer AG has pledged to add U.S. jobs and investments after meeting with President-elect Donald Trump, the latest in a string..."" @WSJ",821703902940827000
2017-01-18T13:06:58Z,13:06:58,No wonder the Today Show on biased @NBC is doing so badly compared to its glorious past. Little credibility!,821705440178348000
2017-01-18T14:03:53Z,14:03:53,.@TheAlabamaBand was great last night in D.C. playing for 147 Diplomats and Ambassadors from countries around the world. Thanks Alabama!,821719763214880000
2017-01-18T17:33:25Z,17:33:25,"Writing my inaugural address at the Winter White House, Mar-a-Lago, three weeks ago. Looking forward to Friday.… https://t.co/J0ojOXjrga",821772494864580000
2017-01-18T22:21:02Z,22:21:02,"Looking forward to a speedy recovery for George and Barbara Bush, both hospitalized. Thank you for your wonderful letter!",821844875268255000
2017-01-19T01:54:13Z,01:54:13,"Great seeing @TheLeeGreenwood  and Kimberly at this evenings VP dinner! #GodBlessTheUSA https://t.co/SxVmaWvOFT",821898525432811000
2017-01-19T04:01:40Z,04:01:40,Thank you to our amazing Wounded Warriors for their service. It was an honor to be with them tonight in D.C.… https://t.co/Qj5cpfaykD,821930600290521000
2017-01-19T12:52:22Z,12:52:22,"""It wasn't Donald Trump that divided this country, this country has been divided for a long time!"" Stated today by Reverend Franklin Graham.",822064153426857000
2017-01-19T13:00:13Z,13:00:13,"Getting ready to leave for Washington, D.C. The journey begins and I will be working and fighting very hard to make it a great journey for..",822066132307808000
2017-01-19T13:02:18Z,13:02:18,"the American people. I have no doubt that we will, together, MAKE AMERICA GREAT AGAIN!",822066653953458000
2017-01-19T20:13:57Z,20:13:57,"On my way! #Inauguration2017 https://t.co/hOuMbxGnpe",822175285151928000
2017-01-19T20:18:32Z,20:18:32,Great Concert at 4:00 P.M. today at Lincoln Memorial. Enjoy!,822176438627536000
2017-01-19T20:21:36Z,20:21:36,"Join me at 4pm over at the Lincoln Memorial with my family!
#Inauguration2017 https://t.co/GQeQpJOgWz",822177206633955000
2017-01-20T00:40:51Z,00:40:51,"Thank you for joining us at the Lincoln Memorial tonight- a very special evening! Together, we are going to MAKE AM… https://t.co/OSxa3BamHs",822242449053614000
2017-01-20T04:24:33Z,04:24:33,"Thank you for a wonderful evening in Washington, D.C. #Inauguration https://t.co/a6xpFQTHj5",822298747421986000
2017-01-20T12:31:53Z,12:31:53,It all begins today! I will see you at 11:00 A.M. for the swearing-in. THE MOVEMENT CONTINUES - THE WORK BEGINS!,822421390125043000
2017-01-20T17:51:25Z,17:51:25,"Today we are not merely transferring power from one Administration to another, or from one party to another – but we are transferring...",822501803615014000
2017-01-20T17:51:58Z,17:51:58,"power from Washington, D.C. and giving it back to you, the American People. #InaugurationDay",822501939267141000
2017-01-20T17:52:45Z,17:52:45,"What truly matters is not which party controls our government, but whether our government is controlled by the people.",822502135233384000
2017-01-20T17:53:17Z,17:53:17,"January 20th 2017, will be remembered as the day the people became the rulers of this nation again.",822502270503972000
2017-01-20T17:54:36Z,17:54:36,We will bring back our jobs. We will bring back our borders. We will bring back our wealth - and we will bring back our dreams!,822502601304526000
2017-01-20T17:58:24Z,17:58:24,It is time to remember that...https://t.co/ZKyOiOor62,822503558369181000
2017-01-20T18:00:43Z,18:00:43,"So to all Americans, in every city near and far, small and large, from mountain to mountain...https://t.co/cZKkrGXLSi",822504142178500000
2017-01-21T11:53:41Z,11:53:41,A fantastic day and evening in Washington D.C.Thank you to @FoxNews and so many other news outlets for the GREAT reviews of the speech!,822774162011910000
2017-01-21T23:54:31Z,23:54:31,"RT @WhiteHouse: ""Do not allow anyone to tell you that it cannot be done. No challenge can match the HEART and FIGHT and SPIRIT of America.""…",822955565949272000
2017-01-22T12:35:09Z,12:35:09,"Had a great meeting at CIA Headquarters yesterday, packed house, paid great respect to Wall, long standing ovations, amazing people. WIN!",823146987117772000
2017-01-22T12:47:21Z,12:47:21,Watched protests yesterday but was under the impression that we just had an election! Why didn't these people vote? Celebs hurt cause badly.,823150055418920000
2017-01-22T12:51:36Z,12:51:36,"Wow, television ratings just out: 31 million people watched the Inauguration, 11 million more than the very good ratings from 4 years ago!",823151124815507000
2017-01-22T14:23:17Z,14:23:17,"Peaceful protests are a hallmark of our democracy. Even if I don't always agree, I recognize the rights of people to express their views.",823174199036542000
2017-01-23T11:38:16Z,11:38:16,Busy week planned with a heavy focus on jobs and national security. Top executives coming in at 9:00 A.M. to talk manufacturing in America.,823495059010109000
2017-01-24T11:11:47Z,11:11:47,Will be meeting at 9:00 with top automobile executives concerning jobs in America. I want new plants to be built here for cars sold here!,823850781946343000
2017-01-24T16:58:06Z,16:58:06,A photo delivered yesterday that will be displayed in the upper/lower press hall. Thank you Abbas! https://t.co/Uzp0ivvRp0,823937936056008000
2017-01-24T17:04:01Z,17:04:01,"Great meeting with automobile industry leaders at the @WhiteHouse this morning. Together, we will #MAGA! https://t.co/OXdiLOkGsZ",823939422743830000
2017-01-24T17:49:17Z,17:49:17,Signing orders to move forward with the construction of the Keystone XL and Dakota Access pipelines in the Oval Off… https://t.co/aOxmfO0vOK,823950814163140000
2017-01-25T00:46:57Z,00:46:57,Great meeting with Ford CEO Mark Fields and General Motors CEO Mary Barra at the @WhiteHouse today. https://t.co/T0eIgO6LP8,824055927200423000
2017-01-25T02:16:19Z,02:16:19,Congratulations to @FoxNews for being number one in inauguration ratings. They were many times higher than FAKE NEWS @CNN - public is smart!,824078417213747000
2017-01-25T02:25:40Z,02:25:40,"If Chicago doesn't fix the horrible ""carnage"" going on, 228 shootings in 2017 with 42 killings (up 24% from 2016), I will send in the Feds!",824080766288228000
2017-01-25T02:37:48Z,02:37:48,"Big day planned on NATIONAL SECURITY tomorrow. Among many other things, we will build the wall!",824083821889015000
2017-01-25T12:10:01Z,12:10:01,"I will be asking for a major investigation into VOTER FRAUD, including those registered to vote in two states, those who are illegal and....",824227824903090000
2017-01-25T12:13:46Z,12:13:46,"even, those registered to vote who are dead (and many for a long time). Depending on results, we will strengthen up voting procedures!",824228768227217000
2017-01-25T12:17:01Z,12:17:01,I will be making my Supreme Court pick on Thursday of next week.Thank you!,824229586091307000
2017-01-25T22:05:59Z,22:05:59,I will be interviewed by @DavidMuir tonight at 10 o'clock on @ABC. Will be my first interview from the White House.… https://t.co/4zuOrRdcoc,824377804590563000
2017-01-26T00:03:33Z,00:03:33,"Beginning today, the United States of America gets back control of its borders. Full speech from today @DHSgov:… https://t.co/8aDaHsAhg9",824407390674157000
2017-01-26T02:14:56Z,02:14:56,"As your President, I have no higher duty than to protect the lives of the American people. https://t.co/o7YNUNwb8f",824440456813707000
2017-01-26T02:45:32Z,02:45:32,"""@romoabcnews: .@DavidMuir first @POTUS interview since taking office.  Tonight on @ABCWorldNews @ABC2020 tonight. https://t.co/I4Vz1mRdBK""",824448156935081000
2017-01-26T02:48:25Z,02:48:25,Interview with David Muir of @ABC News in 10 minutes. Enjoy!,824448880993509000
2017-01-26T11:04:24Z,11:04:24,"Ungrateful TRAITOR Chelsea Manning, who should never have been released from prison, is now calling President Obama a weak leader. Terrible!",824573698774601000
2017-01-26T13:51:46Z,13:51:46,The U.S. has a 60 billion dollar trade deficit with Mexico. It has been a one-sided deal from the beginning of NAFTA with massive numbers...,824615820391305000
2017-01-26T13:55:03Z,13:55:03,"of jobs and companies lost. If Mexico is unwilling to pay for the badly needed wall, then it would be better to cancel the upcoming meeting.",824616644370714000
2017-01-26T19:21:17Z,19:21:17,"Spoke at the Congressional @GOP Retreat in Philadelphia, PA. this afternoon w/ @VP, @SenateMajLdr, @SpeakerRyan. Th… https://t.co/ALSADGrwoe",824698743630995000
2017-01-26T23:45:28Z,23:45:28,Will be interviewed by @SeanHannity on @FoxNews at 10:00pm tonight. Enjoy!,824765229527605000
2017-01-26T23:53:37Z,23:53:37,Miami-Dade Mayor drops sanctuary policy. Right decision. Strong! https://t.co/MtPvaDC4jM,824767281146245000
2017-01-27T13:12:52Z,13:12:52,"Look forward to seeing final results of VoteStand. Gregg Phillips and crew say at least 3,000,000 votes were illegal. We must do better!",824968416486387000
2017-01-27T13:19:10Z,13:19:10,"Mexico has taken advantage of the U.S. for long enough. Massive trade deficits &amp; little help on the very weak border must change, NOW!",824970003153842000
2017-01-27T16:27:02Z,16:27:02,"The #MarchForLife is so important. To all of you marching --- you have my full support!",825017279209410000
2017-01-27T16:30:29Z,16:30:29,".@VP Mike Pence will be speaking at today's #MarchForLife -- You have our full support! https://t.co/1jb53SEGV4",825018149397463000
2017-01-27T20:20:15Z,20:20:15,Statement on International Holocaust Remembrance Day: https://t.co/KjU0MOxCHk,825075972659613000
2017-01-27T22:00:47Z,22:00:47,Congratulations Secretary Mattis! https://t.co/mkuhbegzqS,825101272982355000
